{
  "champion": {
    "accuracy": 0.5311804008908686,
    "precision": 0.15456733814772583,
    "recall": 0.715962441314554,
    "f1": 0.25424611857872254,
    "roc_auc": 0.6635217247791918,
    "model": "catboost",
    "horizon": "30d",
    "split": "70/15/15",
    "threshold": 0.44999999999999996,
    "train_size": 71236,
    "val_size": 15264,
    "test_size": 15266,
    "ensemble": false
  },
  "challenger": {
    "accuracy": 0.540744137298572,
    "precision": 0.15668262388407297,
    "recall": 0.7106807511737089,
    "f1": 0.2567581893353122,
    "roc_auc": 0.6642629087210675,
    "model": "tri_ensemble",
    "horizon": "30d",
    "split": "70/15/15",
    "threshold": 0.3333333333333333,
    "train_size": 71236,
    "val_size": 15264,
    "test_size": 15266,
    "ensemble": true
  },
  "winner": "catboost",
  "rule": "higher recall then roc_auc on locked primary test protocol (matrix sample)"
}